{
  "version": "1.0.0",
  "name": "SudanPay",
  "description": "Financial Transfers and Wallet Management Platform",
  "deployment": {
    "frontend": {
      "framework": "React",
      "buildCommand": "pnpm build",
      "outputDirectory": "dist",
      "installCommand": "pnpm install",
      "devCommand": "pnpm start",
      "environmentVariables": [
        "VITE_CANISTER_ID_BACKEND",
        "VITE_DFX_NETWORK",
        "VITE_HOST"
      ]
    },
    "backend": {
      "language": "Motoko",
      "deployCommand": "dfx deploy",
      "network": "ic",
      "canisters": [
        "backend"
      ]
    }
  },
  "requirements": {
    "node": ">=18.0.0",
    "dfx": ">=0.15.0",
    "pnpm": "latest"
  },
  "features": [
    "PWA Support",
    "SEO Optimized",
    "RTL Layout",
    "Dark Theme",
    "Internet Identity",
    "Email/Phone Authentication",
    "Role-Based Access Control",
    "Real-time Notifications",
    "Analytics Dashboard",
    "Help Center",
    "Multi-language Support"
  ],
  "platforms": [
    "Internet Computer",
    "Vercel",
    "Netlify",
    "AWS",
    "Google Cloud"
  ]
}
